{
    "name":"Advanced Script APP Template",
    "version":"1.5.0",
    "author":"You",
    "location":"https://github.com/coldbox-templates/advanced-script/archive/v1.5.0.zip",
    "slug":"cbtemplate-advanced-script",
    "createPackageDirectory":false,
    "type":"mvc",
    "keywords":"",
    "homepage":"",
    "documentation":"",
    "repository":{
        "type":"",
        "url":""
    },
    "bugs":"",
    "shortDescription":"",
    "contributors":[
        
    ],
    "ignore":[
        
    ],
    "devDependencies":{
        "testbox":"^2.3.0"
    },
    "installPaths":{
        "coldbox":"coldbox",
        "testbox":"testbox",
        "cbmessagebox":"modules\\cbmessagebox"
    },
    "dependencies":{
        "coldbox":"^4.3.0",
        "cbmessagebox":"^2.2.2+20"
    },
    "scripts":{
        "postVersion":"package set location='https://github.com/coldbox-templates/advanced-script/archive/v`package version`.zip'",
        "postPublish":"!git push --follow-tags"
    }
}